job_title,records_count,total_vacancies,unique_recruiting_companies,min_experience_mean,min_experience_median,min_experience_min,min_experience_max,avg_salary_mean_lpa,avg_salary_median_lpa,avg_salary_min_lpa,avg_salary_max_lpa,min_salary_mean_lpa,max_salary_mean_lpa,salary_spread_mean_lpa,top_recruiting_company,top_company_vacancies,top_company_avg_salary_lpa
Business Analyst,188,32843,188,1.7,2.0,0,5,8.95,8.3,1.7,19.5,5.15,14.31,9.16,TCS,4200,6.9
Data Analyst,187,18095,187,0.82,1.0,0,3,5.71,5.0,1.4,17.2,3.23,9.71,6.48,TCS,1600,4.7
Senior Business Analyst,187,14115,187,4.02,4.0,0,10,13.17,13.0,3.0,28.3,8.39,19.01,10.62,TCS,1100,7.7
Data Scientist,188,9051,188,1.54,2.0,0,5,13.53,12.8,4.5,33.6,7.78,21.47,13.69,TCS,841,7.8
Data Engineer,188,8044,188,1.51,1.0,0,6,11.81,10.85,2.1,45.3,7.12,17.94,10.82,TCS,819,5.8
Senior Data Analyst,187,3825,187,2.86,3.0,0,7,9.57,8.6,1.9,29.0,6.47,13.46,6.99,Accenture,213,9.9
Senior Data Engineer,183,3411,183,4.57,4.0,0,10,19.0,17.6,3.4,68.3,13.47,24.98,11.51,L&T Infotech,729,11.0
Senior Data Scientist,185,2129,185,3.96,4.0,0,10,22.29,21.2,8.5,82.0,15.61,30.02,14.41,Accenture,80,18.9
Machine Learning Engineer,59,964,59,1.44,1.0,0,6,9.85,9.1,3.6,24.8,6.53,14.49,7.95,TCS,193,5.8
Data Architect,50,528,50,9.98,10.0,3,21,25.09,24.25,11.2,50.6,18.84,33.99,15.15,Accenture,55,24.6
