canonical_role,postings_count,postings_pct,avg_exp_mean,avg_exp_median,min_exp_mean,max_exp_mean,salary_mid_mean_lpa,salary_mid_median_lpa,pct_high_salary_15to50,pct_low_salary_0to6,top_metro,top_skills
Other Non-Core IT/Operations,3612,22.8,4.84,4.0,3.08,6.6,8.49,4.5,16.0,50.47,Bengaluru,"outsourcing, finance, analytics"
Analytics / Leadership,3532,22.3,8.58,8.0,6.45,10.7,17.38,12.5,47.11,10.53,Bengaluru,"analytics, finance, sas"
Specialized / Other Analytics,2002,12.64,4.66,4.0,2.97,6.35,9.11,8.0,15.68,40.86,Bengaluru,"finance, sql, analytics"
Software / Cloud Engineering,1623,10.25,5.86,5.5,4.03,7.69,11.75,12.5,24.58,24.15,Bengaluru,"javascript, java, python"
Digital Marketing / Content,1154,7.28,5.03,4.0,3.31,6.75,8.99,8.0,15.77,49.83,Mumbai Region,"digital marketing, seo, sem"
Business Analyst,619,3.91,5.78,5.5,4.03,7.53,12.14,12.5,28.27,28.43,Bengaluru,"business analysis, business analyst, sql"
Analytics / IT Consulting,589,3.72,6.53,6.0,4.59,8.46,14.7,12.5,38.37,12.22,Bengaluru,"sas, analytics, project management"
Data / Solution Architect,372,2.35,10.91,11.0,8.67,13.15,19.92,20.0,59.68,4.3,Bengaluru,"java, javascript, sql"
Data Engineer,366,2.31,7.33,6.5,5.34,9.32,14.82,12.5,38.52,15.03,Bengaluru,"hadoop, big data, spark"
Data Scientist,344,2.17,5.98,5.5,4.02,7.95,15.05,12.5,36.63,11.63,Bengaluru,"machine learning, python, r"
Machine Learning / AI Engineer,343,2.17,6.41,6.0,4.39,8.44,15.12,12.5,39.94,19.83,Bengaluru,"machine learning, python, nlp"
Data Entry / Freelance / Spam,292,1.84,2.45,2.5,0.83,4.07,3.37,1.5,1.71,90.07,Other Cities / Regions,"data entry, freelancing, part time"
Data Analyst,248,1.57,5.49,5.0,3.77,7.2,10.73,8.0,23.39,37.5,Bengaluru,"data analysis, data analytics, sql"
Product Management,228,1.44,6.5,6.5,4.54,8.46,16.0,12.5,42.11,7.02,Bengaluru,"product management, marketing, sales"
Senior Business Analyst,178,1.12,6.23,5.5,4.43,8.03,14.05,12.5,29.21,12.36,Bengaluru,"business analysis, business analyst, analytics"
Senior Data Scientist,125,0.79,7.64,7.5,5.7,9.57,19.41,20.0,56.8,5.6,Bengaluru,"data science, machine learning, python"
Senior Data Engineer,110,0.69,7.41,7.25,5.55,9.26,14.58,12.5,35.45,9.09,Bengaluru,"spark, hive, hadoop"
Senior Data Analyst,104,0.66,7.7,7.5,5.87,9.54,14.17,12.5,39.42,12.5,Mumbai Region,"data analytics, data analysis, r"
